{
  "3mm_CerQuartz": 382.71153846153845,
  "3mm_CerPlastic": 382.78703703703707,
  "3mm_Sci": 387.95175438596493,
  "6mm_CerQuartz": 390.3681818181818,
  "6mm_CerPlastic": 388.5,
  "6mm_Sci": 373.25
}