{
  "DRS_Board0_Group0_Channel3": 393.0025320198887,
  "DRS_Board0_Group0_Channel7": 417.53086534634014,
  "DRS_Board0_Group1_Channel3": 388.02614373071304,
  "DRS_Board0_Group1_Channel7": 386.87028803741134,
  "DRS_Board0_Group2_Channel3": 388.3804116087911,
  "DRS_Board0_Group2_Channel7": 389.4637233745159,
  "DRS_Board0_Group3_Channel3": 386.89162100715214,
  "DRS_Board0_Group0_Channel2": 383.9667845418292,
  "DRS_Board0_Group0_Channel6": 388.13856424587243,
  "DRS_Board0_Group1_Channel2": 381.7514837712073,
  "DRS_Board0_Group1_Channel6": 383.9570296809506,
  "DRS_Board0_Group2_Channel2": 382.2110645626856,
  "DRS_Board0_Group2_Channel6": 382.4605518646729,
  "DRS_Board0_Group3_Channel2": 382.3452559645707,
  "DRS_Board0_Group0_Channel1": 397.4130019338586,
  "DRS_Board0_Group0_Channel5": 389.3548075909453,
  "DRS_Board0_Group1_Channel1": 368.7007669573278,
  "DRS_Board0_Group1_Channel5": 387.47110001411806,
  "DRS_Board0_Group2_Channel1": 387.85272447303817,
  "DRS_Board0_Group2_Channel5": 387.2274895977027,
  "DRS_Board0_Group3_Channel1": 390.1844996042938,
  "DRS_Board0_Group3_Channel5": 386.05612427994316,
  "DRS_Board0_Group0_Channel0": 382.1181048789139,
  "DRS_Board0_Group0_Channel4": 381.4297232983668,
  "DRS_Board0_Group1_Channel0": 381.9802305646315,
  "DRS_Board0_Group1_Channel4": 381.7484441688746,
  "DRS_Board0_Group2_Channel0": 382.6294749452136,
  "DRS_Board0_Group2_Channel4": 382.3629851525677,
  "DRS_Board0_Group3_Channel0": 382.74308184965315,
  "DRS_Board0_Group3_Channel4": 382.1405447365548,
  "DRS_Board1_Group0_Channel3": 385.91575248450295,
  "DRS_Board1_Group0_Channel7": 385.85301727884644,
  "DRS_Board1_Group1_Channel3": 386.18996988581546,
  "DRS_Board1_Group1_Channel7": 386.36137295044307,
  "DRS_Board1_Group2_Channel3": 387.30721171452603,
  "DRS_Board1_Group2_Channel7": 387.61590858910324,
  "DRS_Board1_Group3_Channel3": 387.9531372958121,
  "DRS_Board1_Group0_Channel2": 382.40696862481104,
  "DRS_Board1_Group0_Channel6": 382.69009805943404,
  "DRS_Board1_Group1_Channel2": 382.76645750350497,
  "DRS_Board1_Group1_Channel6": 382.89876366754135,
  "DRS_Board1_Group2_Channel2": 382.58338908049257,
  "DRS_Board1_Group2_Channel6": 382.5941055231258,
  "DRS_Board1_Group3_Channel2": 382.3230735505835,
  "DRS_Board1_Group0_Channel1": 386.34325053807635,
  "DRS_Board1_Group0_Channel5": 386.14310553807303,
  "DRS_Board1_Group1_Channel1": 386.61133118106346,
  "DRS_Board1_Group1_Channel5": 387.5369920843209,
  "DRS_Board1_Group2_Channel1": 387.28013785254046,
  "DRS_Board1_Group2_Channel5": 387.65419476148264,
  "DRS_Board1_Group3_Channel1": 388.35650274879225,
  "DRS_Board1_Group3_Channel5": 383.3295601294394,
  "DRS_Board1_Group0_Channel0": 382.81454182287524,
  "DRS_Board1_Group0_Channel4": 382.4742811967873,
  "DRS_Board1_Group1_Channel0": 383.0906936903075,
  "DRS_Board1_Group1_Channel4": 382.8442264915074,
  "DRS_Board1_Group2_Channel0": 382.76814341058224,
  "DRS_Board1_Group2_Channel4": 382.9898297320285,
  "DRS_Board1_Group3_Channel0": 382.9672282423049,
  "DRS_Board1_Group3_Channel4": 374.03148797259524,
  "DRS_Board2_Group0_Channel3": 389.4457085921533,
  "DRS_Board2_Group0_Channel7": 388.6145540961913,
  "DRS_Board2_Group1_Channel3": 388.30735372136996,
  "DRS_Board2_Group1_Channel7": 388.60857330849694,
  "DRS_Board2_Group2_Channel3": 388.6249102958276,
  "DRS_Board2_Group2_Channel7": 388.3774608583897,
  "DRS_Board2_Group3_Channel3": 387.9630128408478,
  "DRS_Board2_Group0_Channel2": 382.29190661760003,
  "DRS_Board2_Group0_Channel6": 382.5644703415673,
  "DRS_Board2_Group1_Channel2": 382.69826125800824,
  "DRS_Board2_Group1_Channel6": 364.1382678603749,
  "DRS_Board2_Group2_Channel2": 383.01974456595946,
  "DRS_Board2_Group2_Channel6": 382.6136385694787,
  "DRS_Board2_Group3_Channel2": 382.4113908691039,
  "DRS_Board2_Group0_Channel1": 390.0315918492788,
  "DRS_Board2_Group0_Channel5": 391.0941609682242,
  "DRS_Board2_Group1_Channel1": 388.17311051626666,
  "DRS_Board2_Group1_Channel5": 388.4236998433778,
  "DRS_Board2_Group2_Channel1": 368.7007669573278,
  "DRS_Board2_Group2_Channel5": 387.0234976707468,
  "DRS_Board2_Group3_Channel1": 387.82924570779824,
  "DRS_Board2_Group3_Channel5": 386.81415143310306,
  "DRS_Board2_Group0_Channel0": 362.3033071688439,
  "DRS_Board2_Group0_Channel4": 382.50681770816055,
  "DRS_Board2_Group1_Channel0": 383.22205455763424,
  "DRS_Board2_Group1_Channel4": 382.8817615190002,
  "DRS_Board2_Group2_Channel0": 383.17200687054367,
  "DRS_Board2_Group2_Channel4": 382.6328905105134,
  "DRS_Board2_Group3_Channel0": 383.0727173241124,
  "DRS_Board2_Group3_Channel4": 382.7534071403394,
  "DRS_Board3_Group0_Channel3": 387.15001651069946,
  "DRS_Board3_Group0_Channel7": 386.5231749231575,
  "DRS_Board3_Group1_Channel3": 386.89694314627906,
  "DRS_Board3_Group1_Channel7": 386.8320464421989,
  "DRS_Board3_Group2_Channel3": 387.91510239164455,
  "DRS_Board3_Group2_Channel7": 388.0956537783336,
  "DRS_Board3_Group3_Channel3": 391.08527480389796,
  "DRS_Board3_Group0_Channel2": 365.7433071688439,
  "DRS_Board3_Group0_Channel6": 377.3879169113728,
  "DRS_Board3_Group1_Channel2": 373.2604648671035,
  "DRS_Board3_Group1_Channel6": 371.5106275924918,
  "DRS_Board3_Group2_Channel2": 383.0465341160636,
  "DRS_Board3_Group2_Channel6": 382.9275940968183,
  "DRS_Board3_Group3_Channel2": 382.99106966870875,
  "DRS_Board3_Group0_Channel1": 387.18608157985574,
  "DRS_Board3_Group0_Channel5": 386.85331567933764,
  "DRS_Board3_Group1_Channel1": 387.6812587047985,
  "DRS_Board3_Group1_Channel5": 388.4691518752237,
  "DRS_Board3_Group2_Channel1": 387.91458879821886,
  "DRS_Board3_Group2_Channel5": 388.2096337709929,
  "DRS_Board3_Group3_Channel1": 390.4678748888285,
  "DRS_Board3_Group3_Channel5": 388.9444935873301,
  "DRS_Board3_Group0_Channel0": 383.7256673702633,
  "DRS_Board3_Group0_Channel4": 383.1366936494733,
  "DRS_Board3_Group1_Channel0": 383.5828026732236,
  "DRS_Board3_Group1_Channel4": 383.2292384874864,
  "DRS_Board3_Group2_Channel0": 383.45649542054485,
  "DRS_Board3_Group2_Channel4": 383.45644971283554,
  "DRS_Board3_Group3_Channel0": 383.99812277862736,
  "DRS_Board3_Group3_Channel4": 371.53412609408446,
  "DRS_Board4_Group0_Channel0": 391.31177974717053,
  "DRS_Board4_Group0_Channel1": 391.1099342183096,
  "DRS_Board4_Group0_Channel2": 390.5094375255602,
  "DRS_Board4_Group0_Channel3": 390.51102555917623,
  "DRS_Board4_Group0_Channel4": 390.83317110411815,
  "DRS_Board4_Group0_Channel5": 390.4285408388195,
  "DRS_Board4_Group0_Channel6": 386.39507003619605,
  "DRS_Board4_Group0_Channel7": 390.1374919076514,
  "DRS_Board4_Group1_Channel0": 393.36056315271236,
  "DRS_Board4_Group1_Channel1": 391.2825361397512,
  "DRS_Board4_Group1_Channel2": 390.5656452977015,
  "DRS_Board4_Group1_Channel3": 385.97558085231225,
  "DRS_Board4_Group1_Channel4": 382.3875020028582,
  "DRS_Board4_Group1_Channel5": 384.73407960701263,
  "DRS_Board4_Group1_Channel6": 380.1669554912068,
  "DRS_Board4_Group1_Channel7": 389.73752723625785,
  "DRS_Board4_Group2_Channel2": 382.57891816603785,
  "DRS_Board4_Group2_Channel3": 387.4142892865587,
  "DRS_Board4_Group2_Channel4": 389.26335445074255,
  "DRS_Board4_Group2_Channel5": 390.3653992666684,
  "DRS_Board4_Group2_Channel6": 387.7196114589192,
  "DRS_Board4_Group2_Channel7": 390.6518276977456,
  "DRS_Board4_Group3_Channel0": 392.22154354916864,
  "DRS_Board4_Group3_Channel1": 376.35806413611664,
  "DRS_Board4_Group3_Channel2": 383.57862950827587,
  "DRS_Board4_Group3_Channel3": 384.7587792038322,
  "DRS_Board4_Group3_Channel6": 391.4087221512484,
  "DRS_Board4_Group3_Channel7": 390.3719376870102,
  "DRS_Board4_Group2_Channel0": 399.9625471953205,
  "DRS_Board4_Group2_Channel1": 397.1022289504574,
  "DRS_Board4_Group3_Channel4": 424.68306556398556,
  "DRS_Board4_Group3_Channel5": 408.2422067539828,
  "DRS_Board5_Group0_Channel0": 392.385155138664,
  "DRS_Board5_Group0_Channel1": 391.52535983783537,
  "DRS_Board5_Group0_Channel2": 391.81252551927076,