{
  "3mm_Cer": 382.4375,
  "3mm_Sci": 387.27777777777777,
  "6mm_Cer": 390.51351351351354,
  "6mm_Sci": 400.5,
  "3mm_CerQuartz_B5": 389.5833333333333
}