{
  "DRS_Board0_Group0_Channel3": 394.5360677222777,
  "DRS_Board0_Group0_Channel7": 404.4017848323439,
  "DRS_Board0_Group1_Channel3": 387.40326840838367,
  "DRS_Board0_Group1_Channel7": 387.04376899919276,
  "DRS_Board0_Group2_Channel3": 387.8036966516874,
  "DRS_Board0_Group2_Channel7": 389.2105674554228,
  "DRS_Board0_Group3_Channel3": 385.8255679712949,
  "DRS_Board0_Group0_Channel2": 380.779820203249,
  "DRS_Board0_Group0_Channel6": 377.3724382620621,
  "DRS_Board0_Group1_Channel2": 381.7418072687587,
  "DRS_Board0_Group1_Channel6": 383.8345087763446,
  "DRS_Board0_Group2_Channel2": 382.37047403754065,
  "DRS_Board0_Group2_Channel6": 382.6822387258298,
  "DRS_Board0_Group3_Channel2": 382.03505891558507,
  "DRS_Board0_Group0_Channel1": 406.9946149028898,
  "DRS_Board0_Group0_Channel5": 388.69929304696717,
  "DRS_Board0_Group1_Channel1": 367.3478315237761,
  "DRS_Board0_Group1_Channel5": 386.81489165122196,
  "DRS_Board0_Group2_Channel1": 387.3936948895089,
  "DRS_Board0_Group2_Channel5": 387.2180897599143,
  "DRS_Board0_Group3_Channel1": 389.37244313723545,
  "DRS_Board0_Group3_Channel5": 385.1981281339058,
  "DRS_Board0_Group0_Channel0": 381.9281191420749,
  "DRS_Board0_Group0_Channel4": 381.3346901909171,
  "DRS_Board0_Group1_Channel0": 381.89026385292027,
  "DRS_Board0_Group1_Channel4": 381.73200863430503,
  "DRS_Board0_Group2_Channel0": 382.213757488588,
  "DRS_Board0_Group2_Channel4": 381.7024910835916,
  "DRS_Board0_Group3_Channel0": 382.434268758578,
  "DRS_Board0_Group3_Channel4": 381.9348774374628,
  "DRS_Board1_Group0_Channel3": 385.04834135209796,
  "DRS_Board1_Group0_Channel7": 384.7094202658435,
  "DRS_Board1_Group1_Channel3": 385.0949641857072,
  "DRS_Board1_Group1_Channel7": 385.1787150331042,
  "DRS_Board1_Group2_Channel3": 387.07431017274644,
  "DRS_Board1_Group2_Channel7": 386.7816844542758,
  "DRS_Board1_Group3_Channel3": 389.4779519891964,
  "DRS_Board1_Group0_Channel2": 382.2833611427865,
  "DRS_Board1_Group0_Channel6": 382.45576536645865,
  "DRS_Board1_Group1_Channel2": 382.6041955331789,
  "DRS_Board1_Group1_Channel6": 382.7135829639457,
  "DRS_Board1_Group2_Channel2": 382.5568689339211,
  "DRS_Board1_Group2_Channel6": 382.94702126410914,
  "DRS_Board1_Group3_Channel2": 382.1079040385035,
  "DRS_Board1_Group0_Channel1": 385.2667028666757,
  "DRS_Board1_Group0_Channel5": 384.95860456559615,
  "DRS_Board1_Group1_Channel1": 385.5088907218125,
  "DRS_Board1_Group1_Channel5": 386.2164030948011,
  "DRS_Board1_Group2_Channel1": 387.1637780861229,
  "DRS_Board1_Group2_Channel5": 386.9725257180181,
  "DRS_Board1_Group3_Channel1": 387.7835056621336,
  "DRS_Board1_Group3_Channel5": 390.201151604877,
  "DRS_Board1_Group0_Channel0": 382.67146116419144,
  "DRS_Board1_Group0_Channel4": 382.33281874359767,
  "DRS_Board1_Group1_Channel0": 382.95292630040115,
  "DRS_Board1_Group1_Channel4": 382.7623349237626,
  "DRS_Board1_Group2_Channel0": 382.6460077290467,
  "DRS_Board1_Group2_Channel4": 383.3153585047437,
  "DRS_Board1_Group3_Channel0": 383.00141162794324,
  "DRS_Board1_Group3_Channel4": 379.47728105441837,
  "DRS_Board2_Group0_Channel3": 388.76604768143324,
  "DRS_Board2_Group0_Channel7": 388.35543726850693,
  "DRS_Board2_Group1_Channel3": 389.10537325189443,
  "DRS_Board2_Group1_Channel7": 387.8224057583012,
  "DRS_Board2_Group2_Channel3": 388.43191182524646,
  "DRS_Board2_Group2_Channel7": 387.59585169189035,
  "DRS_Board2_Group3_Channel3": 387.5383483949528,
  "DRS_Board2_Group0_Channel2": 382.4868081006657,
  "DRS_Board2_Group0_Channel6": 382.6245753146313,
  "DRS_Board2_Group1_Channel2": 382.0309194312948,
  "DRS_Board2_Group1_Channel6": 364.0223394471699,
  "DRS_Board2_Group2_Channel2": 382.75169515091363,
  "DRS_Board2_Group2_Channel6": 382.27818724765365,
  "DRS_Board2_Group3_Channel2": 382.14438693660986,
  "DRS_Board2_Group0_Channel1": 391.0504593892685,
  "DRS_Board2_Group0_Channel5": 389.8515069999461,
  "DRS_Board2_Group1_Channel1": 388.60080412644174,
  "DRS_Board2_Group1_Channel5": 388.64781901192066,
  "DRS_Board2_Group2_Channel1": 367.3478315237761,
  "DRS_Board2_Group2_Channel5": 387.9496732640107,
  "DRS_Board2_Group3_Channel1": 387.7782938786752,
  "DRS_Board2_Group3_Channel5": 385.95501224601514,
  "DRS_Board2_Group0_Channel0": 362.1821573603626,
  "DRS_Board2_Group0_Channel4": 383.6170626423142,
  "DRS_Board2_Group1_Channel0": 383.2239565989033,
  "DRS_Board2_Group1_Channel4": 382.36655098737907,
  "DRS_Board2_Group2_Channel0": 383.00756029161425,
  "DRS_Board2_Group2_Channel4": 382.384186553609,
  "DRS_Board2_Group3_Channel0": 382.8947189850971,
  "DRS_Board2_Group3_Channel4": 382.6655422631427,
  "DRS_Board3_Group0_Channel3": 386.1185876041327,
  "DRS_Board3_Group0_Channel7": 385.3419154535899,
  "DRS_Board3_Group1_Channel3": 386.0253000174438,
  "DRS_Board3_Group1_Channel7": 386.4983471599693,
  "DRS_Board3_Group2_Channel3": 387.2363697969126,
  "DRS_Board3_Group2_Channel7": 387.6813240933731,
  "DRS_Board3_Group3_Channel3": 388.5048370504284,
  "DRS_Board3_Group0_Channel2": 364.4541573603626,
  "DRS_Board3_Group0_Channel6": 384.94252472124657,
  "DRS_Board3_Group1_Channel2": 381.41282330265653,
  "DRS_Board3_Group1_Channel6": 378.7395725708446,
  "DRS_Board3_Group2_Channel2": 382.9341933902159,
  "DRS_Board3_Group2_Channel6": 382.69788297042584,
  "DRS_Board3_Group3_Channel2": 383.1314945875787,
  "DRS_Board3_Group0_Channel1": 386.18407593405254,
  "DRS_Board3_Group0_Channel5": 385.8340695880789,
  "DRS_Board3_Group1_Channel1": 386.8129022055151,
  "DRS_Board3_Group1_Channel5": 387.42761221556,
  "DRS_Board3_Group2_Channel1": 387.6530543923228,
  "DRS_Board3_Group2_Channel5": 388.82957077527425,
  "DRS_Board3_Group3_Channel1": 389.00206894508847,
  "DRS_Board3_Group3_Channel5": 387.6967331638834,
  "DRS_Board3_Group0_Channel0": 383.57069112434795,
  "DRS_Board3_Group0_Channel4": 382.9557513862448,
  "DRS_Board3_Group1_Channel0": 383.40868384827746,
  "DRS_Board3_Group1_Channel4": 382.9803920930533,
  "DRS_Board3_Group2_Channel0": 383.28075657998875,
  "DRS_Board3_Group2_Channel4": 383.75130197399073,
  "DRS_Board3_Group3_Channel0": 384.2936104507552,
  "DRS_Board3_Group3_Channel4": 372.20686658288406,
  "DRS_Board4_Group0_Channel0": 391.0927043465274,
  "DRS_Board4_Group0_Channel1": 391.22268712594433,
  "DRS_Board4_Group0_Channel2": 390.13235653463767,
  "DRS_Board4_Group0_Channel3": 390.1117577800081,
  "DRS_Board4_Group0_Channel4": 390.6000536180201,
  "DRS_Board4_Group0_Channel5": 390.6448282286983,
  "DRS_Board4_Group0_Channel6": 390.2138810346866,
  "DRS_Board4_Group0_Channel7": 390.1971524243429,
  "DRS_Board4_Group1_Channel0": 388.2956155934286,
  "DRS_Board4_Group1_Channel1": 391.8794443996881,
  "DRS_Board4_Group1_Channel2": 391.3110284734522,
  "DRS_Board4_Group1_Channel3": 389.43139898796426,
  "DRS_Board4_Group1_Channel4": 390.5978288782632,
  "DRS_Board4_Group1_Channel5": 390.734350612104,
  "DRS_Board4_Group1_Channel6": 388.0304513003063,
  "DRS_Board4_Group1_Channel7": 391.42725866786606,
  "DRS_Board4_Group2_Channel2": 386.1891604974977,
  "DRS_Board4_Group2_Channel3": 391.2679360073422,
  "DRS_Board4_Group2_Channel4": 389.8418237847765,
  "DRS_Board4_Group2_Channel5": 390.2393098967293,
  "DRS_Board4_Group2_Channel6": 390.79106903571716,
  "DRS_Board4_Group2_Channel7": 391.0645793410527,
  "DRS_Board4_Group3_Channel0": 391.8941644175457,
  "DRS_Board4_Group3_Channel1": 390.9795425531903,
  "DRS_Board4_Group3_Channel2": 383.8039480423761,
  "DRS_Board4_Group3_Channel3": 391.8608760241369,
  "DRS_Board4_Group3_Channel6": 390.82388690659207,
  "DRS_Board4_Group3_Channel7": 390.2147159320062,
  "DRS_Board4_Group2_Channel0": 402.4564739274355,
  "DRS_Board4_Group2_Channel1": 397.7585828789592,
  "DRS_Board4_Group3_Channel4": 406.8141323673223,
  "DRS_Board4_Group3_Channel5": 402.13720846239784,
  "DRS_Board5_Group0_Channel0": 392.06894648899817,
  "DRS_Board5_Group0_Channel1": 391.8516737220276,
  "DRS_Board5_Group0_Channel2": 391.82348228583646,